category,Region,price,rating,Income,review_count
American,MW,1,1.0,44757.0,1
American,MW,1,1.5,50765.0,40
American,MW,1,1.5,60061.0,3
American,MW,1,2.0,43625.0,24
American,MW,1,2.0,44757.0,1
American,MW,1,2.0,50765.0,30
American,MW,1,2.0,54582.0,42
American,MW,1,2.0,70543.0,6
American,MW,1,2.5,43625.0,37
American,MW,1,2.5,44757.0,12
American,MW,1,2.5,45205.0,8
American,MW,1,2.5,50765.0,64
American,MW,1,2.5,54582.0,149
American,MW,1,2.5,60061.0,20
American,MW,1,3.0,43625.0,20
American,MW,1,3.0,45205.0,26
American,MW,1,3.0,45679.0,30
American,MW,1,3.0,50765.0,83
American,MW,1,3.0,54582.0,332
American,MW,1,3.0,60061.0,52
American,MW,1,3.0,60324.0,4
American,MW,1,3.0,70543.0,42
American,MW,1,3.5,43625.0,4
American,MW,1,3.5,45205.0,17
American,MW,1,3.5,45679.0,17
American,MW,1,3.5,50765.0,200
American,MW,1,3.5,54582.0,155
American,MW,1,3.5,60061.0,115
American,MW,1,3.5,70543.0,158
American,MW,1,4.0,43625.0,11
American,MW,1,4.0,44190.0,11
American,MW,1,4.0,44757.0,17
American,MW,1,4.0,45205.0,40
American,MW,1,4.0,50765.0,432
American,MW,1,4.0,54582.0,439
American,MW,1,4.0,60061.0,435
American,MW,1,4.5,43625.0,96
American,MW,1,4.5,44190.0,19
American,MW,1,4.5,44757.0,37
American,MW,1,4.5,50765.0,195
American,MW,1,4.5,54582.0,337
American,MW,1,4.5,60061.0,75
American,MW,1,4.5,60324.0,3
American,MW,1,5.0,45205.0,10
American,MW,1,5.0,54582.0,8
American,MW,2,1.0,45205.0,13
American,MW,2,1.0,54582.0,3
American,MW,2,1.5,43625.0,29
American,MW,2,1.5,50765.0,15
American,MW,2,1.5,54582.0,5
American,MW,2,2.0,45205.0,82
American,MW,2,2.0,50765.0,16
American,MW,2,2.0,54582.0,39
American,MW,2,2.0,70543.0,56
American,MW,2,2.5,43625.0,55
American,MW,2,2.5,44190.0,3
American,MW,2,2.5,44757.0,26
American,MW,2,2.5,45205.0,55
American,MW,2,2.5,45679.0,52
American,MW,2,2.5,50765.0,317
American,MW,2,2.5,54582.0,323
American,MW,2,2.5,60061.0,195
American,MW,2,2.5,70543.0,131
American,MW,2,3.0,43625.0,66
American,MW,2,3.0,44757.0,85
American,MW,2,3.0,45205.0,16
American,MW,2,3.0,45679.0,82
American,MW,2,3.0,50765.0,349
American,MW,2,3.0,54582.0,753
American,MW,2,3.0,60061.0,275
American,MW,2,3.0,70543.0,100
American,MW,2,3.5,43625.0,50
American,MW,2,3.5,44757.0,16
American,MW,2,3.5,45205.0,338
American,MW,2,3.5,45679.0,56
American,MW,2,3.5,50765.0,1307
American,MW,2,3.5,54582.0,1947
American,MW,2,3.5,60061.0,1032
American,MW,2,3.5,60324.0,88
American,MW,2,3.5,70543.0,151
American,MW,2,4.0,43625.0,76
American,MW,2,4.0,44190.0,105
American,MW,2,4.0,44757.0,15
American,MW,2,4.0,45205.0,248
American,MW,2,4.0,45679.0,190
American,MW,2,4.0,50765.0,1934
American,MW,2,4.0,54582.0,803
American,MW,2,4.0,60061.0,1662
American,MW,2,4.0,70543.0,196
American,MW,2,4.5,43625.0,103
American,MW,2,4.5,44757.0,126
American,MW,2,4.5,45205.0,146
American,MW,2,4.5,50765.0,62
American,MW,2,4.5,54582.0,391
American,MW,2,4.5,60061.0,171
American,MW,2,4.5,60324.0,25
American,MW,2,5.0,44757.0,1
American,MW,2,5.0,50765.0,1
American,MW,2,5.0,70543.0,30
American,MW,3,2.5,43625.0,15
American,MW,3,3.0,60061.0,15
American,MW,3,3.5,43625.0,11
American,MW,3,3.5,50765.0,64
American,MW,3,3.5,60061.0,39
American,MW,3,4.0,44757.0,39
American,MW,3,4.0,45679.0,24
American,MW,3,4.0,50765.0,316
American,MW,3,4.5,60061.0,183
American,MW,4,3.5,43625.0,6
American,NE,1,1.0,58269.0,7
American,NE,1,2.0,52553.0,37
American,NE,1,2.0,58269.0,16
American,NE,1,2.5,52553.0,17
American,NE,1,2.5,58269.0,18
American,NE,1,2.5,86565.0,23
American,NE,1,3.0,50880.0,8
American,NE,1,3.0,52553.0,91
American,NE,1,3.0,53916.0,30
American,NE,1,3.0,58269.0,56
American,NE,1,3.0,69594.0,71
American,NE,1,3.0,85806.0,88
American,NE,1,3.0,86565.0,1
American,NE,1,3.5,43720.0,7
American,NE,1,3.5,50880.0,17
American,NE,1,3.5,52553.0,137
American,NE,1,3.5,53916.0,3
American,NE,1,3.5,58269.0,76
American,NE,1,3.5,69594.0,190
American,NE,1,3.5,85806.0,285
American,NE,1,3.5,86565.0,62
American,NE,1,4.0,50880.0,66
American,NE,1,4.0,52553.0,176
American,NE,1,4.0,53916.0,67
American,NE,1,4.0,58269.0,23
American,NE,1,4.0,69594.0,224
American,NE,1,4.0,79893.0,33
American,NE,1,4.0,85806.0,340
American,NE,1,4.0,86565.0,16
American,NE,1,4.5,52553.0,33
American,NE,1,4.5,58269.0,47
American,NE,1,4.5,69594.0,156
American,NE,1,4.5,79893.0,21
American,NE,1,4.5,85806.0,279
American,NE,1,4.5,86565.0,170
American,NE,1,5.0,53916.0,7
American,NE,1,5.0,58269.0,3
American,NE,1,5.0,86565.0,4
American,NE,2,1.5,69594.0,111
American,NE,2,2.0,50880.0,4
American,NE,2,2.0,52553.0,177
American,NE,2,2.0,58269.0,68
American,NE,2,2.0,69594.0,286
American,NE,2,2.0,86565.0,13
American,NE,2,2.5,50880.0,16
American,NE,2,2.5,52553.0,252
American,NE,2,2.5,53916.0,21
American,NE,2,2.5,58269.0,171
American,NE,2,2.5,69594.0,458
American,NE,2,2.5,79893.0,103
American,NE,2,2.5,85806.0,354
American,NE,2,2.5,86565.0,27
American,NE,2,3.0,52553.0,314
American,NE,2,3.0,58269.0,424
American,NE,2,3.0,69594.0,1638
American,NE,2,3.0,79893.0,166
American,NE,2,3.0,85806.0,3194
American,NE,2,3.0,86565.0,214
American,NE,2,3.5,43720.0,10
American,NE,2,3.5,50880.0,49
American,NE,2,3.5,52553.0,289
American,NE,2,3.5,53916.0,68
American,NE,2,3.5,58269.0,1029
American,NE,2,3.5,69594.0,1802
American,NE,2,3.5,79893.0,125
American,NE,2,3.5,85806.0,5919
American,NE,2,3.5,86565.0,497
American,NE,2,4.0,44156.0,26
American,NE,2,4.0,50880.0,309
American,NE,2,4.0,52553.0,78
American,NE,2,4.0,53916.0,117
American,NE,2,4.0,58269.0,236
American,NE,2,4.0,69594.0,1988
American,NE,2,4.0,79893.0,251
American,NE,2,4.0,85806.0,3661
American,NE,2,4.0,86565.0,495
American,NE,2,4.5,44156.0,16
American,NE,2,4.5,50880.0,17
American,NE,2,4.5,52553.0,288
American,NE,2,4.5,53916.0,59
American,NE,2,4.5,58269.0,347
American,NE,2,4.5,69594.0,859
American,NE,2,4.5,79893.0,162
American,NE,2,4.5,85806.0,280
American,NE,2,4.5,86565.0,136
American,NE,2,5.0,44156.0,11
American,NE,2,5.0,69594.0,10
American,NE,3,1.0,58269.0,3
American,NE,3,3.0,52553.0,6
American,NE,3,3.0,85806.0,512
American,NE,3,3.0,86565.0,60
American,NE,3,3.5,58269.0,79
American,NE,3,3.5,69594.0,421
American,NE,3,3.5,85806.0,1529
American,NE,3,4.0,50880.0,12
American,NE,3,4.0,58269.0,75
American,NE,3,4.0,69594.0,757
American,NE,3,4.0,79893.0,152
American,NE,3,4.0,85806.0,1145
American,NE,3,4.0,86565.0,207
American,NE,3,4.5,50880.0,16
American,NE,3,4.5,52553.0,88
American,NE,3,4.5,58269.0,121
American,NE,3,4.5,69594.0,391
American,NE,3,4.5,85806.0,333
American,NE,4,3.5,86565.0,36
American,SE,1,1.0,50455.0,6
American,SE,1,1.5,46140.0,25
American,SE,1,1.5,48925.0,82
American,SE,1,2.0,46140.0,56
American,SE,1,2.5,37407.0,5
American,SE,1,2.5,46140.0,69
American,SE,1,2.5,46663.0,73
American,SE,1,2.5,48925.0,15
American,SE,1,2.5,50088.0,18
American,SE,1,2.5,50344.0,18
American,SE,1,2.5,50455.0,3
American,SE,1,2.5,56854.0,171
American,SE,1,3.0,46140.0,59
American,SE,1,3.0,46663.0,79
American,SE,1,3.0,48925.0,30
American,SE,1,3.0,50455.0,4
American,SE,1,3.0,56854.0,285
American,SE,1,3.0,57207.0,325
American,SE,1,3.5,46140.0,191
American,SE,1,3.5,46663.0,147
American,SE,1,3.5,48925.0,421
American,SE,1,3.5,50088.0,192
American,SE,1,3.5,50344.0,77
American,SE,1,3.5,50455.0,90
American,SE,1,3.5,56854.0,1149
American,SE,1,3.5,57207.0,516
American,SE,1,4.0,35291.0,19
American,SE,1,4.0,46140.0,150
American,SE,1,4.0,46663.0,190
American,SE,1,4.0,48925.0,238
American,SE,1,4.0,50088.0,165
American,SE,1,4.0,50455.0,43
American,SE,1,4.0,53363.0,646
American,SE,1,4.0,56854.0,2865
American,SE,1,4.0,57207.0,1328
American,SE,1,4.5,37407.0,3
American,SE,1,4.5,46140.0,100
American,SE,1,4.5,46663.0,4
American,SE,1,4.5,48925.0,74
American,SE,1,4.5,50088.0,26
American,SE,1,4.5,50344.0,6
American,SE,1,4.5,50455.0,7
American,SE,1,4.5,53363.0,514
American,SE,1,4.5,56854.0,350
American,SE,1,4.5,57207.0,360
American,SE,1,5.0,46663.0,7
American,SE,1,5.0,48925.0,85
American,SE,1,5.0,50344.0,5
American,SE,1,5.0,57207.0,35
American,SE,2,1.5,46140.0,12
American,SE,2,1.5,50455.0,42
American,SE,2,2.0,46140.0,53
American,SE,2,2.0,46663.0,43
American,SE,2,2.0,48925.0,214
American,SE,2,2.0,50344.0,64
American,SE,2,2.0,50455.0,41
American,SE,2,2.0,56854.0,252
American,SE,2,2.5,37407.0,7
American,SE,2,2.5,46140.0,430
American,SE,2,2.5,46663.0,73
American,SE,2,2.5,48925.0,324
American,SE,2,2.5,50088.0,61
American,SE,2,2.5,50344.0,68
American,SE,2,2.5,50455.0,156
American,SE,2,2.5,56854.0,1325
American,SE,2,2.5,57207.0,1674
American,SE,2,3.0,46140.0,296
American,SE,2,3.0,46663.0,428
American,SE,2,3.0,48925.0,505
American,SE,2,3.0,50088.0,396
American,SE,2,3.0,50344.0,13
American,SE,2,3.0,50455.0,146
American,SE,2,3.0,53363.0,1997
American,SE,2,3.0,56854.0,3370
American,SE,2,3.0,57207.0,5013
American,SE,2,3.5,46140.0,547
American,SE,2,3.5,46663.0,462
American,SE,2,3.5,48925.0,1997
American,SE,2,3.5,50088.0,524
American,SE,2,3.5,50344.0,114
American,SE,2,3.5,50455.0,52
American,SE,2,3.5,53363.0,7033
American,SE,2,3.5,56854.0,4904
American,SE,2,3.5,57207.0,14847
American,SE,2,4.0,35291.0,37
American,SE,2,4.0,46140.0,824
American,SE,2,4.0,46663.0,51
American,SE,2,4.0,48925.0,1192
American,SE,2,4.0,50088.0,634
American,SE,2,4.0,50344.0,607
American,SE,2,4.0,50455.0,215
American,SE,2,4.0,53363.0,13780
American,SE,2,4.0,56854.0,7432
American,SE,2,4.0,57207.0,20684
American,SE,2,4.5,46140.0,342
American,SE,2,4.5,48925.0,388
American,SE,2,4.5,50088.0,1234
American,SE,2,4.5,50344.0,49
American,SE,2,4.5,50455.0,202
American,SE,2,4.5,53363.0,4787
American,SE,2,4.5,56854.0,3448
American,SE,2,4.5,57207.0,3316
American,SE,2,5.0,48925.0,19
American,SE,2,5.0,50344.0,11
American,SE,2,5.0,53363.0,154
American,SE,3,3.0,48925.0,23
American,SE,3,3.0,53363.0,57
American,SE,3,3.0,56854.0,569
American,SE,3,3.0,57207.0,281
American,SE,3,3.5,46140.0,134
American,SE,3,3.5,46663.0,26
American,SE,3,3.5,53363.0,961
American,SE,3,3.5,56854.0,130
American,SE,3,3.5,57207.0,3547
American,SE,3,4.0,46140.0,109
American,SE,3,4.0,46663.0,65
American,SE,3,4.0,50455.0,68
American,SE,3,4.0,53363.0,2295
American,SE,3,4.0,56854.0,325
American,SE,3,4.0,57207.0,4893
American,SE,3,4.5,46140.0,127
American,SE,3,4.5,48925.0,20
American,SE,3,4.5,53363.0,970
American,SE,3,4.5,56854.0,518
American,SE,3,4.5,57207.0,1859
American,SE,4,3.5,57207.0,256
American,SE,4,4.0,53363.0,381
American,SE,4,4.0,56854.0,177
American,SE,4,4.0,57207.0,356
American,SE,4,4.5,57207.0,563
American,SE,4,5.0,56854.0,4
American,SW,1,1.5,37666.0,17
American,SW,1,2.0,56581.0,35
American,SW,1,2.0,59805.0,82
American,SW,1,2.0,60972.0,6
American,SW,1,2.0,75050.0,25
American,SW,1,2.5,37666.0,17
American,SW,1,2.5,45197.0,23
American,SW,1,2.5,56581.0,58
American,SW,1,2.5,58711.0,27
American,SW,1,2.5,75050.0,97
American,SW,1,3.0,41505.0,21
American,SW,1,3.0,56581.0,22
American,SW,1,3.0,58711.0,185
American,SW,1,3.0,59805.0,189
American,SW,1,3.0,75050.0,246
American,SW,1,3.5,37666.0,80
American,SW,1,3.5,45197.0,26
American,SW,1,3.5,56581.0,331
American,SW,1,3.5,58711.0,842
American,SW,1,3.5,59805.0,102
American,SW,1,3.5,60972.0,32
American,SW,1,3.5,75050.0,417
American,SW,1,4.0,41505.0,6
American,SW,1,4.0,45197.0,10
American,SW,1,4.0,56581.0,132
American,SW,1,4.0,58711.0,961
American,SW,1,4.0,59805.0,1178
American,SW,1,4.0,60972.0,6
American,SW,1,4.0,75050.0,265
American,SW,1,4.5,37666.0,65
American,SW,1,4.5,40743.0,22
American,SW,1,4.5,41505.0,93
American,SW,1,4.5,45197.0,29
American,SW,1,4.5,56581.0,258
American,SW,1,4.5,58711.0,1267
American,SW,1,4.5,59805.0,603
American,SW,1,4.5,75050.0,77
American,SW,1,5.0,56581.0,16
American,SW,1,5.0,58711.0,23
American,SW,2,1.5,56581.0,17
American,SW,2,1.5,58711.0,108
American,SW,2,2.0,37666.0,46
American,SW,2,2.0,41505.0,48
American,SW,2,2.0,56581.0,112
American,SW,2,2.0,58711.0,73
American,SW,2,2.0,75050.0,75
American,SW,2,2.5,37666.0,43
American,SW,2,2.5,45197.0,23
American,SW,2,2.5,56581.0,86
American,SW,2,2.5,58711.0,667
American,SW,2,2.5,59805.0,375
American,SW,2,2.5,60972.0,33
American,SW,2,2.5,75050.0,212
American,SW,2,3.0,37666.0,20
American,SW,2,3.0,41505.0,18
American,SW,2,3.0,56581.0,264
American,SW,2,3.0,58711.0,1265
American,SW,2,3.0,59805.0,1868
American,SW,2,3.0,75050.0,201
American,SW,2,3.5,41505.0,46
American,SW,2,3.5,45197.0,143
American,SW,2,3.5,56581.0,1087
American,SW,2,3.5,58711.0,4233
American,SW,2,3.5,59805.0,2372
American,SW,2,3.5,75050.0,811
American,SW,2,4.0,37666.0,212
American,SW,2,4.0,45197.0,31
American,SW,2,4.0,56581.0,665
American,SW,2,4.0,58711.0,5542
American,SW,2,4.0,59805.0,3668
American,SW,2,4.0,60972.0,136
American,SW,2,4.0,75050.0,969
American,SW,2,4.5,40743.0,13
American,SW,2,4.5,41505.0,15
American,SW,2,4.5,45197.0,44
American,SW,2,4.5,56581.0,28
American,SW,2,4.5,58711.0,593
American,SW,2,4.5,59805.0,1187
American,SW,2,4.5,75050.0,178
American,SW,2,5.0,58711.0,6
American,SW,3,3.0,59805.0,56
American,SW,3,3.5,56581.0,40
American,SW,3,3.5,58711.0,297
American,SW,3,3.5,59805.0,310
American,SW,3,4.0,58711.0,851
American,SW,3,4.0,59805.0,311
American,SW,3,4.0,75050.0,239
American,SW,3,4.5,41505.0,19
American,SW,3,4.5,58711.0,521
American,SW,3,5.0,59805.0,58
American,SW,4,4.0,58711.0,372
American,SW,4,5.0,59805.0,9
American,WC,1,1.5,50306.0,19
American,WC,1,2.0,42197.0,114
American,WC,1,2.0,46481.0,41
American,WC,1,2.0,80185.0,146
American,WC,1,2.5,43444.0,2
American,WC,1,2.5,46481.0,54
American,WC,1,3.0,44103.0,97
American,WC,1,3.0,46481.0,112
American,WC,1,3.0,50306.0,97
American,WC,1,3.0,66828.0,122
American,WC,1,3.0,80185.0,408
American,WC,1,3.5,42197.0,383
American,WC,1,3.5,43444.0,61
American,WC,1,3.5,50306.0,15
American,WC,1,3.5,66828.0,237
American,WC,1,3.5,70722.0,114
American,WC,1,3.5,71077.0,101
American,WC,1,3.5,80185.0,548
American,WC,1,4.0,42197.0,384
American,WC,1,4.0,43444.0,213
American,WC,1,4.0,46481.0,53
American,WC,1,4.0,50306.0,89
American,WC,1,4.0,52017.0,37
American,WC,1,4.0,66828.0,200
American,WC,1,4.0,70722.0,904
American,WC,1,4.0,80185.0,1556
American,WC,1,4.5,42197.0,7
American,WC,1,4.5,43444.0,59
American,WC,1,4.5,44103.0,68
American,WC,1,4.5,46481.0,11
American,WC,1,4.5,50306.0,136
American,WC,1,4.5,70722.0,101
American,WC,1,4.5,71077.0,85
American,WC,1,4.5,80185.0,208
American,WC,1,5.0,50306.0,4
American,WC,2,2.0,46481.0,37
American,WC,2,2.0,66828.0,889
American,WC,2,2.0,80185.0,765
American,WC,2,2.5,42197.0,154
American,WC,2,2.5,43444.0,24
American,WC,2,2.5,46481.0,265
American,WC,2,2.5,50306.0,56
American,WC,2,2.5,66828.0,1385
American,WC,2,2.5,80185.0,837
American,WC,2,3.0,42197.0,716
American,WC,2,3.0,43444.0,35
American,WC,2,3.0,46481.0,220
American,WC,2,3.0,50306.0,505
American,WC,2,3.0,66828.0,2107
American,WC,2,3.0,71077.0,434
American,WC,2,3.0,80185.0,6211
American,WC,2,3.5,42197.0,2643
American,WC,2,3.5,43444.0,81
American,WC,2,3.5,46481.0,146
American,WC,2,3.5,50306.0,472
American,WC,2,3.5,66828.0,4910
American,WC,2,3.5,70722.0,2545
American,WC,2,3.5,71077.0,647
American,WC,2,3.5,80185.0,13068
American,WC,2,4.0,42197.0,2152
American,WC,2,4.0,43444.0,35
American,WC,2,4.0,44103.0,137
American,WC,2,4.0,50306.0,1994
American,WC,2,4.0,66828.0,1042
American,WC,2,4.0,70722.0,3212
American,WC,2,4.0,71077.0,656
American,WC,2,4.0,80185.0,10020
American,WC,2,4.5,42197.0,214
American,WC,2,4.5,44103.0,446
American,WC,2,4.5,50306.0,635
American,WC,2,4.5,66828.0,188
American,WC,2,4.5,70722.0,408
American,WC,2,4.5,71077.0,23
American,WC,2,4.5,80185.0,1031
American,WC,2,5.0,50306.0,49
American,WC,2,5.0,70722.0,150
American,WC,3,2.5,43444.0,37
American,WC,3,3.5,42197.0,208
American,WC,3,3.5,52017.0,7
American,WC,3,4.0,42197.0,410
American,WC,3,4.0,70722.0,483
American,WC,3,4.0,80185.0,1447
American,WC,3,4.5,42197.0,118
American,WC,3,5.0,70722.0,120
American,WC,4,3.0,44103.0,2
Chinese,MW,1,2.0,43625.0,11
Chinese,MW,1,2.0,45205.0,18
Chinese,MW,1,2.0,50765.0,34
Chinese,MW,1,2.5,45679.0,10
Chinese,MW,1,2.5,50765.0,45
Chinese,MW,1,2.5,54582.0,60
Chinese,MW,1,2.5,70543.0,26
Chinese,MW,1,3.0,43625.0,13
Chinese,MW,1,3.0,44757.0,12
Chinese,MW,1,3.0,45205.0,22
Chinese,MW,1,3.0,50765.0,76
Chinese,MW,1,3.0,54582.0,60
Chinese,MW,1,3.0,60061.0,85
Chinese,MW,1,3.0,70543.0,21
Chinese,MW,1,3.5,43625.0,9
Chinese,MW,1,3.5,45679.0,7
Chinese,MW,1,3.5,50765.0,132
Chinese,MW,1,3.5,54582.0,136
Chinese,MW,1,3.5,60061.0,101
Chinese,MW,1,3.5,70543.0,59
Chinese,MW,1,4.0,43625.0,31
Chinese,MW,1,4.0,50765.0,98
Chinese,MW,1,4.0,54582.0,143
Chinese,MW,1,4.0,60061.0,125
Chinese,MW,1,4.0,60324.0,14
Chinese,MW,1,4.0,70543.0,37
Chinese,MW,1,4.5,50765.0,14
Chinese,MW,1,4.5,54582.0,218
Chinese,MW,1,4.5,60061.0,116
Chinese,MW,1,5.0,43625.0,6
Chinese,MW,2,1.0,45205.0,13
Chinese,MW,2,1.5,50765.0,2
Chinese,MW,2,2.0,45205.0,8
Chinese,MW,2,2.5,43625.0,9
Chinese,MW,2,2.5,45205.0,6
Chinese,MW,2,2.5,54582.0,121
Chinese,MW,2,3.0,44757.0,17
Chinese,MW,2,3.0,50765.0,148
Chinese,MW,2,3.0,54582.0,176
Chinese,MW,2,3.0,60061.0,34
Chinese,MW,2,3.0,70543.0,62
Chinese,MW,2,3.5,45205.0,32
Chinese,MW,2,3.5,50765.0,125
Chinese,MW,2,3.5,54582.0,232
Chinese,MW,2,3.5,60061.0,49
Chinese,MW,2,3.5,70543.0,41
Chinese,MW,2,4.0,44190.0,20
Chinese,MW,2,4.0,54582.0,70
Chinese,MW,2,4.0,60061.0,65
Chinese,MW,2,4.5,50765.0,32
Chinese,NE,1,1.5,52553.0,10
Chinese,NE,1,2.0,50880.0,9
Chinese,NE,1,2.0,52553.0,1
Chinese,NE,1,2.0,86565.0,11
Chinese,NE,1,2.5,50880.0,7
Chinese,NE,1,2.5,58269.0,31
Chinese,NE,1,3.0,52553.0,58
Chinese,NE,1,3.0,58269.0,15
Chinese,NE,1,3.0,69594.0,53
Chinese,NE,1,3.0,85806.0,98
Chinese,NE,1,3.0,86565.0,6
Chinese,NE,1,3.5,44156.0,5
Chinese,NE,1,3.5,52553.0,30
Chinese,NE,1,3.5,58269.0,54
Chinese,NE,1,3.5,69594.0,134
Chinese,NE,1,3.5,79893.0,7
Chinese,NE,1,3.5,85806.0,236
Chinese,NE,1,3.5,86565.0,29
Chinese,NE,1,4.0,50880.0,7
Chinese,NE,1,4.0,52553.0,4
Chinese,NE,1,4.0,53916.0,26
Chinese,NE,1,4.0,58269.0,43
Chinese,NE,1,4.0,69594.0,213
Chinese,NE,1,4.0,79893.0,12
Chinese,NE,1,4.0,85806.0,226
Chinese,NE,1,4.5,52553.0,7
Chinese,NE,1,4.5,58269.0,26
Chinese,NE,1,4.5,69594.0,34
Chinese,NE,1,4.5,85806.0,97
Chinese,NE,1,5.0,58269.0,3
Chinese,NE,2,1.0,58269.0,10
Chinese,NE,2,2.5,58269.0,7
Chinese,NE,2,2.5,85806.0,278
Chinese,NE,2,3.0,52553.0,16
Chinese,NE,2,3.0,58269.0,61
Chinese,NE,2,3.0,69594.0,38
Chinese,NE,2,3.0,79893.0,8
Chinese,NE,2,3.0,85806.0,409
Chinese,NE,2,3.0,86565.0,111
Chinese,NE,2,3.5,52553.0,46
Chinese,NE,2,3.5,53916.0,13
Chinese,NE,2,3.5,58269.0,38
Chinese,NE,2,3.5,69594.0,751
Chinese,NE,2,3.5,85806.0,631
Chinese,NE,2,3.5,86565.0,40
Chinese,NE,2,4.0,50880.0,51
Chinese,NE,2,4.0,58269.0,101
Chinese,NE,2,4.0,69594.0,47
Chinese,NE,2,4.0,85806.0,707
Chinese,NE,2,4.0,86565.0,35
Chinese,NE,2,4.5,69594.0,36
Chinese,NE,2,4.5,85806.0,83
Chinese,SE,1,2.0,48925.0,32
Chinese,SE,1,2.0,50344.0,16
Chinese,SE,1,2.5,46663.0,49
Chinese,SE,1,2.5,48925.0,36
Chinese,SE,1,2.5,50455.0,7
Chinese,SE,1,2.5,56854.0,166
Chinese,SE,1,3.0,46140.0,9
Chinese,SE,1,3.0,46663.0,114
Chinese,SE,1,3.0,50088.0,28
Chinese,SE,1,3.0,50455.0,17
Chinese,SE,1,3.0,56854.0,285
Chinese,SE,1,3.0,57207.0,367
Chinese,SE,1,3.5,46140.0,138
Chinese,SE,1,3.5,46663.0,18
Chinese,SE,1,3.5,48925.0,34
Chinese,SE,1,3.5,50455.0,20
Chinese,SE,1,3.5,56854.0,254
Chinese,SE,1,3.5,57207.0,299
Chinese,SE,1,4.0,46140.0,126
Chinese,SE,1,4.0,46663.0,103
Chinese,SE,1,4.0,48925.0,51
Chinese,SE,1,4.0,50344.0,57
Chinese,SE,1,4.0,50455.0,6
Chinese,SE,1,4.0,56854.0,227
Chinese,SE,1,4.0,57207.0,82
Chinese,SE,1,4.5,46140.0,450
Chinese,SE,1,4.5,48925.0,30
Chinese,SE,1,4.5,50088.0,14
Chinese,SE,1,4.5,50344.0,53
Chinese,SE,1,4.5,53363.0,208
Chinese,SE,1,4.5,56854.0,72
Chinese,SE,2,2.0,46140.0,9
Chinese,SE,2,2.0,50455.0,12
Chinese,SE,2,2.5,50344.0,14
Chinese,SE,2,2.5,57207.0,255
Chinese,SE,2,3.0,46140.0,64
Chinese,SE,2,3.0,46663.0,71
Chinese,SE,2,3.0,48925.0,32
Chinese,SE,2,3.0,50344.0,60
Chinese,SE,2,3.0,56854.0,355
Chinese,SE,2,3.0,57207.0,523
Chinese,SE,2,3.5,46140.0,146
Chinese,SE,2,3.5,48925.0,84
Chinese,SE,2,3.5,50455.0,12
Chinese,SE,2,3.5,53363.0,336
Chinese,SE,2,3.5,56854.0,722
Chinese,SE,2,3.5,57207.0,1482
Chinese,SE,2,4.0,46140.0,185
Chinese,SE,2,4.0,46663.0,25
Chinese,SE,2,4.0,48925.0,165
Chinese,SE,2,4.0,50088.0,37
Chinese,SE,2,4.0,50344.0,73
Chinese,SE,2,4.0,50455.0,59
Chinese,SE,2,4.0,53363.0,378
Chinese,SE,2,4.0,56854.0,96
Chinese,SE,2,4.0,57207.0,1384
Chinese,SE,2,4.5,48925.0,65
Chinese,SE,2,4.5,53363.0,132
Chinese,SE,2,5.0,48925.0,6
Chinese,SE,3,1.5,50344.0,11
Chinese,SW,1,1.0,75050.0,2
Chinese,SW,1,2.0,75050.0,42
Chinese,SW,1,2.5,37666.0,17
Chinese,SW,1,2.5,56581.0,14
Chinese,SW,1,2.5,58711.0,94
Chinese,SW,1,2.5,75050.0,76
Chinese,SW,1,3.0,37666.0,34
Chinese,SW,1,3.0,56581.0,107
Chinese,SW,1,3.0,58711.0,86
Chinese,SW,1,3.0,59805.0,51
Chinese,SW,1,3.5,45197.0,49
Chinese,SW,1,3.5,56581.0,111
Chinese,SW,1,3.5,58711.0,211
Chinese,SW,1,3.5,59805.0,74
Chinese,SW,1,3.5,75050.0,296
Chinese,SW,1,4.0,41505.0,5
Chinese,SW,1,4.0,49477.0,15
Chinese,SW,1,4.0,56581.0,361
Chinese,SW,1,4.0,58711.0,983
Chinese,SW,1,4.0,59805.0,122
Chinese,SW,1,4.0,75050.0,32
Chinese,SW,1,4.5,37666.0,13
Chinese,SW,1,4.5,58711.0,60
Chinese,SW,1,4.5,75050.0,164
Chinese,SW,2,2.0,41505.0,12
Chinese,SW,2,2.5,56581.0,39
Chinese,SW,2,2.5,58711.0,75
Chinese,SW,2,2.5,59805.0,76
Chinese,SW,2,2.5,75050.0,154
Chinese,SW,2,3.0,41505.0,12
Chinese,SW,2,3.0,58711.0,258
Chinese,SW,2,3.0,59805.0,161
Chinese,SW,2,3.0,75050.0,101
Chinese,SW,2,3.5,45197.0,22
Chinese,SW,2,3.5,56581.0,126
Chinese,SW,2,3.5,58711.0,87
Chinese,SW,2,3.5,59805.0,429
Chinese,SW,2,3.5,75050.0,62
Chinese,SW,2,4.0,37666.0,57
Chinese,SW,2,4.0,56581.0,20
Chinese,SW,2,4.0,58711.0,174
Chinese,SW,2,4.0,59805.0,37
Chinese,SW,3,3.5,56581.0,27
Chinese,WC,1,1.5,80185.0,42
Chinese,WC,1,2.0,44103.0,2
Chinese,WC,1,2.0,66828.0,67
Chinese,WC,1,2.5,46481.0,30
Chinese,WC,1,2.5,50306.0,35
Chinese,WC,1,2.5,52017.0,31
Chinese,WC,1,2.5,66828.0,80
Chinese,WC,1,2.5,80185.0,136
Chinese,WC,1,3.0,44103.0,15
Chinese,WC,1,3.0,46481.0,56
Chinese,WC,1,3.0,66828.0,135
Chinese,WC,1,3.0,80185.0,590
Chinese,WC,1,3.5,42197.0,40
Chinese,WC,1,3.5,44103.0,22
Chinese,WC,1,3.5,46481.0,133
Chinese,WC,1,3.5,50306.0,55
Chinese,WC,1,3.5,66828.0,357
Chinese,WC,1,3.5,71077.0,41
Chinese,WC,1,3.5,80185.0,451
Chinese,WC,1,4.0,42197.0,141
Chinese,WC,1,4.0,43444.0,32
Chinese,WC,1,4.0,44103.0,9
Chinese,WC,1,4.0,46481.0,67
Chinese,WC,1,4.0,66828.0,111
Chinese,WC,1,4.0,70722.0,735
Chinese,WC,1,4.0,71077.0,64
Chinese,WC,1,4.0,80185.0,918
Chinese,WC,1,4.5,46481.0,82
Chinese,WC,1,4.5,80185.0,113
Chinese,WC,2,2.0,46481.0,55
Chinese,WC,2,2.0,66828.0,344
Chinese,WC,2,2.5,42197.0,135
Chinese,WC,2,2.5,80185.0,321
Chinese,WC,2,3.0,42197.0,251
Chinese,WC,2,3.0,50306.0,143
Chinese,WC,2,3.0,66828.0,64
Chinese,WC,2,3.0,80185.0,1767
Chinese,WC,2,3.5,42197.0,157
Chinese,WC,2,3.5,43444.0,59
Chinese,WC,2,3.5,46481.0,57
Chinese,WC,2,3.5,50306.0,83
Chinese,WC,2,3.5,66828.0,740
Chinese,WC,2,3.5,71077.0,72
Chinese,WC,2,3.5,80185.0,1089
Chinese,WC,2,4.0,50306.0,44
Chinese,WC,2,4.0,66828.0,455
Chinese,WC,2,4.0,70722.0,264
Chinese,WC,2,4.0,80185.0,3287
Chinese,WC,2,4.5,42197.0,166
Chinese,WC,2,4.5,46481.0,54
Chinese,WC,2,4.5,50306.0,69
Chinese,WC,2,4.5,70722.0,440
Chinese,WC,2,4.5,80185.0,120
Chinese,WC,2,5.0,66828.0,22
Italian,MW,1,1.5,50765.0,3
Italian,MW,1,1.5,54582.0,3
Italian,MW,1,2.0,50765.0,11
Italian,MW,1,2.0,70543.0,14
Italian,MW,1,2.5,50765.0,7
Italian,MW,1,2.5,60061.0,3
Italian,MW,1,3.0,45205.0,7
Italian,MW,1,3.0,50765.0,56
Italian,MW,1,3.0,70543.0,6
Italian,MW,1,3.5,43625.0,4
Italian,MW,1,3.5,50765.0,134
Italian,MW,1,3.5,60061.0,59
Italian,MW,1,3.5,70543.0,3
Italian,MW,1,4.0,43625.0,11
Italian,MW,1,4.0,50765.0,24
Italian,MW,1,4.0,54582.0,36
Italian,MW,1,4.5,43625.0,7
Italian,MW,1,4.5,44190.0,19
Italian,MW,1,4.5,54582.0,54
Italian,MW,1,4.5,60061.0,7
Italian,MW,1,5.0,50765.0,45
Italian,MW,1,5.0,54582.0,4
Italian,MW,2,1.0,50765.0,3
Italian,MW,2,1.0,60061.0,3
Italian,MW,2,1.5,43625.0,3
Italian,MW,2,2.0,54582.0,28
Italian,MW,2,2.0,60061.0,8
Italian,MW,2,2.5,45205.0,10
Italian,MW,2,2.5,50765.0,90
Italian,MW,2,2.5,54582.0,18
Italian,MW,2,3.0,45205.0,53
Italian,MW,2,3.0,50765.0,105
Italian,MW,2,3.0,54582.0,324
Italian,MW,2,3.0,60061.0,89
Italian,MW,2,3.0,70543.0,37
Italian,MW,2,3.5,50765.0,857
Italian,MW,2,3.5,54582.0,458
Italian,MW,2,3.5,60061.0,230
Italian,MW,2,4.0,43625.0,42
Italian,MW,2,4.0,45205.0,56
Italian,MW,2,4.0,50765.0,166
Italian,MW,2,4.0,54582.0,758
Italian,MW,2,4.0,60061.0,887
Italian,MW,2,4.0,70543.0,116
Italian,MW,2,4.5,43625.0,9
Italian,MW,2,4.5,44190.0,48
Italian,MW,2,4.5,44757.0,67
Italian,MW,2,4.5,45205.0,30
Italian,MW,2,4.5,50765.0,88
Italian,MW,2,4.5,54582.0,272
Italian,MW,2,4.5,60061.0,21
Italian,MW,2,4.5,60324.0,25
Italian,MW,3,3.5,50765.0,35
Italian,MW,3,3.5,60061.0,39
Italian,MW,3,4.0,50765.0,175
Italian,NE,1,1.0,58269.0,7
Italian,NE,1,2.0,52553.0,5
Italian,NE,1,2.5,50880.0,3
Italian,NE,1,2.5,53916.0,3
Italian,NE,1,2.5,58269.0,12
Italian,NE,1,2.5,79893.0,19
Italian,NE,1,3.0,43720.0,3
Italian,NE,1,3.0,53916.0,15
Italian,NE,1,3.0,69594.0,106
Italian,NE,1,3.5,50880.0,14
Italian,NE,1,3.5,52553.0,57
Italian,NE,1,3.5,58269.0,19
Italian,NE,1,3.5,69594.0,66
Italian,NE,1,3.5,79893.0,6
Italian,NE,1,3.5,85806.0,626
Italian,NE,1,3.5,86565.0,22
Italian,NE,1,4.0,50880.0,42
Italian,NE,1,4.0,52553.0,88
Italian,NE,1,4.0,58269.0,44
Italian,NE,1,4.0,69594.0,526
Italian,NE,1,4.0,79893.0,33
Italian,NE,1,4.0,85806.0,1032
Italian,NE,1,4.0,86565.0,55
Italian,NE,1,4.5,58269.0,91
Italian,NE,1,4.5,69594.0,98
Italian,NE,1,4.5,85806.0,266
Italian,NE,1,4.5,86565.0,16
Italian,NE,1,5.0,85806.0,34
Italian,NE,1,5.0,86565.0,4
Italian,NE,2,1.0,58269.0,3
Italian,NE,2,1.5,58269.0,9
Italian,NE,2,2.0,50880.0,4
Italian,NE,2,2.0,52553.0,31
Italian,NE,2,2.0,58269.0,8
Italian,NE,2,2.0,86565.0,13
Italian,NE,2,2.5,52553.0,65
Italian,NE,2,2.5,58269.0,63
Italian,NE,2,2.5,69594.0,98
Italian,NE,2,2.5,85806.0,108
Italian,NE,2,3.0,52553.0,82
Italian,NE,2,3.0,69594.0,620
Italian,NE,2,3.0,85806.0,807
Italian,NE,2,3.0,86565.0,135
Italian,NE,2,3.5,50880.0,25
Italian,NE,2,3.5,52553.0,253
Italian,NE,2,3.5,58269.0,80
Italian,NE,2,3.5,69594.0,1719
Italian,NE,2,3.5,79893.0,120
Italian,NE,2,3.5,85806.0,3345
Italian,NE,2,3.5,86565.0,319
Italian,NE,2,4.0,44156.0,13
Italian,NE,2,4.0,50880.0,104
Italian,NE,2,4.0,52553.0,300
Italian,NE,2,4.0,53916.0,44
Italian,NE,2,4.0,58269.0,372
Italian,NE,2,4.0,69594.0,2103
Italian,NE,2,4.0,79893.0,49
Italian,NE,2,4.0,85806.0,3672
Italian,NE,2,4.0,86565.0,44
Italian,NE,2,4.5,50880.0,6
Italian,NE,2,4.5,52553.0,9
Italian,NE,2,4.5,58269.0,71
Italian,NE,2,4.5,69594.0,283
Italian,NE,2,4.5,79893.0,82
Italian,NE,2,4.5,85806.0,1325
Italian,NE,2,4.5,86565.0,14
Italian,NE,2,5.0,85806.0,38
Italian,NE,3,3.0,85806.0,134
Italian,NE,3,3.5,52553.0,9
Italian,NE,3,3.5,69594.0,64
Italian,NE,3,3.5,85806.0,468
Italian,NE,3,4.0,50880.0,12
Italian,NE,3,4.0,69594.0,284
Italian,NE,3,4.0,85806.0,864
Italian,NE,3,4.5,69594.0,79
Italian,NE,3,4.5,79893.0,60
Italian,NE,3,4.5,85806.0,61
Italian,NE,4,2.5,86565.0,15
Italian,SE,1,1.0,46140.0,3
Italian,SE,1,1.5,46140.0,5
Italian,SE,1,1.5,46663.0,8
Italian,SE,1,1.5,50344.0,11
Italian,SE,1,2.0,46140.0,10
Italian,SE,1,2.0,50344.0,4
Italian,SE,1,2.5,46140.0,9
Italian,SE,1,2.5,48925.0,2
Italian,SE,1,3.0,46663.0,13
Italian,SE,1,3.0,48925.0,10
Italian,SE,1,3.0,56854.0,193
Italian,SE,1,3.5,46663.0,9
Italian,SE,1,3.5,48925.0,30
Italian,SE,1,3.5,50088.0,46
Italian,SE,1,3.5,50344.0,23
Italian,SE,1,3.5,53363.0,279
Italian,SE,1,3.5,56854.0,152
Italian,SE,1,3.5,57207.0,129
Italian,SE,1,4.0,48925.0,9
Italian,SE,1,4.0,53363.0,49
Italian,SE,1,4.0,56854.0,313
Italian,SE,1,4.0,57207.0,1151
Italian,SE,1,4.5,48925.0,18
Italian,SE,1,4.5,50344.0,20
Italian,SE,1,4.5,53363.0,420
Italian,SE,1,4.5,56854.0,167
Italian,SE,2,2.0,48925.0,5
Italian,SE,2,2.0,50344.0,16
Italian,SE,2,2.0,50455.0,32
Italian,SE,2,2.5,46140.0,69
Italian,SE,2,2.5,48925.0,18
Italian,SE,2,2.5,56854.0,113
Italian,SE,2,2.5,57207.0,288
Italian,SE,2,3.0,46140.0,88
Italian,SE,2,3.0,46663.0,29
Italian,SE,2,3.0,48925.0,53
Italian,SE,2,3.0,53363.0,224
Italian,SE,2,3.0,56854.0,318
Italian,SE,2,3.0,57207.0,230
Italian,SE,2,3.5,46140.0,152
Italian,SE,2,3.5,46663.0,127
Italian,SE,2,3.5,48925.0,824
Italian,SE,2,3.5,50088.0,157
Italian,SE,2,3.5,50455.0,70
Italian,SE,2,3.5,53363.0,2859
Italian,SE,2,3.5,56854.0,1793
Italian,SE,2,3.5,57207.0,4457
Italian,SE,2,4.0,37407.0,7
Italian,SE,2,4.0,46140.0,395
Italian,SE,2,4.0,46663.0,57
Italian,SE,2,4.0,48925.0,635
Italian,SE,2,4.0,50088.0,262
Italian,SE,2,4.0,53363.0,3353
Italian,SE,2,4.0,56854.0,1878
Italian,SE,2,4.0,57207.0,4624
Italian,SE,2,4.5,46663.0,41
Italian,SE,2,4.5,48925.0,280
Italian,SE,2,4.5,53363.0,1479
Italian,SE,2,4.5,56854.0,187
Italian,SE,2,4.5,57207.0,773
Italian,SE,2,5.0,37407.0,6
Italian,SE,2,5.0,53363.0,120
Italian,SE,3,2.0,50455.0,3
Italian,SE,3,3.5,46140.0,51
Italian,SE,3,3.5,53363.0,628
Italian,SE,3,3.5,56854.0,157
Italian,SE,3,3.5,57207.0,661
Italian,SE,3,4.0,50455.0,68
Italian,SE,3,4.0,53363.0,870
Italian,SE,3,4.0,56854.0,300
Italian,SE,3,4.0,57207.0,2137
Italian,SE,3,4.5,53363.0,430
Italian,SE,3,4.5,56854.0,425
Italian,SE,3,4.5,57207.0,264
Italian,SW,1,2.0,60972.0,9
Italian,SW,1,2.0,75050.0,18
Italian,SW,1,2.5,37666.0,3
Italian,SW,1,2.5,56581.0,6
Italian,SW,1,3.0,58711.0,37
Italian,SW,1,3.5,37666.0,11
Italian,SW,1,3.5,41505.0,17
Italian,SW,1,3.5,45197.0,47
Italian,SW,1,3.5,56581.0,17
Italian,SW,1,3.5,58711.0,195
Italian,SW,1,3.5,59805.0,83
Italian,SW,1,4.0,58711.0,351
Italian,SW,1,4.0,59805.0,81
Italian,SW,1,4.0,75050.0,190
Italian,SW,1,4.5,56581.0,41
Italian,SW,1,4.5,58711.0,87
Italian,SW,1,4.5,59805.0,167
Italian,SW,1,5.0,75050.0,25
Italian,SW,2,2.5,37666.0,27
Italian,SW,2,2.5,45197.0,16
Italian,SW,2,2.5,58711.0,136
Italian,SW,2,2.5,59805.0,38
Italian,SW,2,2.5,75050.0,2
Italian,SW,2,3.0,41505.0,8
Italian,SW,2,3.0,56581.0,147
Italian,SW,2,3.0,58711.0,142
Italian,SW,2,3.0,59805.0,42
Italian,SW,2,3.0,75050.0,354
Italian,SW,2,3.5,49477.0,58
Italian,SW,2,3.5,56581.0,87
Italian,SW,2,3.5,58711.0,730
Italian,SW,2,3.5,59805.0,651
Italian,SW,2,3.5,75050.0,313
Italian,SW,2,4.0,37666.0,28
Italian,SW,2,4.0,41505.0,85
Italian,SW,2,4.0,56581.0,206
Italian,SW,2,4.0,58711.0,1602
Italian,SW,2,4.0,59805.0,665
Italian,SW,2,4.0,75050.0,313
Italian,SW,2,4.5,40743.0,13
Italian,SW,2,4.5,58711.0,500
Italian,SW,2,4.5,59805.0,453
Italian,SW,2,4.5,75050.0,132
Italian,SW,3,2.0,75050.0,15
Italian,SW,3,3.0,58711.0,32
Italian,SW,3,3.5,58711.0,67
Italian,SW,3,3.5,59805.0,132
Italian,SW,4,3.5,58711.0,14
Italian,WC,1,2.0,80185.0,133
Italian,WC,1,3.0,46481.0,15
Italian,WC,1,3.5,66828.0,519
Italian,WC,1,3.5,80185.0,424
Italian,WC,1,4.0,44103.0,17
Italian,WC,1,4.0,66828.0,60
Italian,WC,1,4.0,80185.0,590
Italian,WC,1,4.5,66828.0,91
Italian,WC,1,4.5,80185.0,192
Italian,WC,2,1.5,46481.0,19
Italian,WC,2,2.0,66828.0,138
Italian,WC,2,2.5,42197.0,126
Italian,WC,2,2.5,66828.0,328
Italian,WC,2,3.0,42197.0,30
Italian,WC,2,3.0,46481.0,118
Italian,WC,2,3.0,50306.0,97
Italian,WC,2,3.0,66828.0,491
Italian,WC,2,3.0,80185.0,1334
Italian,WC,2,3.5,42197.0,708
Italian,WC,2,3.5,43444.0,36
Italian,WC,2,3.5,66828.0,831
Italian,WC,2,3.5,70722.0,394
Italian,WC,2,3.5,80185.0,5029
Italian,WC,2,4.0,42197.0,357
Italian,WC,2,4.0,50306.0,212
Italian,WC,2,4.0,66828.0,880
Italian,WC,2,4.0,70722.0,1642
Italian,WC,2,4.0,71077.0,87
Italian,WC,2,4.0,80185.0,5156
Italian,WC,2,4.5,42197.0,680
Italian,WC,2,4.5,66828.0,198
Italian,WC,2,4.5,70722.0,435
Italian,WC,2,4.5,71077.0,204
Italian,WC,2,4.5,80185.0,544
Italian,WC,3,2.0,46481.0,12
Italian,WC,3,4.0,80185.0,733
Mexican,MW,1,1.0,50765.0,2
Mexican,MW,1,2.0,45679.0,5
Mexican,MW,1,2.0,50765.0,6
Mexican,MW,1,2.0,54582.0,31
Mexican,MW,1,2.0,60061.0,18
Mexican,MW,1,2.0,70543.0,24
Mexican,MW,1,2.5,43625.0,6
Mexican,MW,1,2.5,45205.0,15
Mexican,MW,1,2.5,50765.0,67
Mexican,MW,1,2.5,54582.0,53
Mexican,MW,1,2.5,60061.0,9
Mexican,MW,1,2.5,60324.0,3
Mexican,MW,1,2.5,70543.0,3
Mexican,MW,1,3.0,43625.0,19
Mexican,MW,1,3.0,45205.0,37
Mexican,MW,1,3.0,45679.0,12
Mexican,MW,1,3.0,50765.0,33
Mexican,MW,1,3.0,54582.0,110
Mexican,MW,1,3.0,60061.0,344
Mexican,MW,1,3.0,70543.0,17
Mexican,MW,1,3.5,43625.0,32
Mexican,MW,1,3.5,45205.0,70
Mexican,MW,1,3.5,50765.0,171
Mexican,MW,1,3.5,54582.0,172
Mexican,MW,1,3.5,60061.0,543
Mexican,MW,1,3.5,60324.0,6
Mexican,MW,1,4.0,43625.0,10
Mexican,MW,1,4.0,44190.0,71
Mexican,MW,1,4.0,45205.0,4
Mexican,MW,1,4.0,50765.0,154
Mexican,MW,1,4.0,54582.0,98
Mexican,MW,1,4.0,60061.0,180
Mexican,MW,1,4.0,70543.0,222
Mexican,MW,1,4.5,43625.0,40
Mexican,MW,1,4.5,44757.0,2
Mexican,MW,1,4.5,50765.0,459
Mexican,MW,1,4.5,54582.0,231
Mexican,MW,1,4.5,60061.0,298
Mexican,MW,1,4.5,70543.0,15
Mexican,MW,1,5.0,43625.0,125
Mexican,MW,1,5.0,45205.0,1
Mexican,MW,1,5.0,50765.0,6
Mexican,MW,1,5.0,60061.0,8
Mexican,MW,1,5.0,70543.0,1
Mexican,MW,2,1.0,54582.0,9
Mexican,MW,2,2.0,44757.0,6
Mexican,MW,2,2.0,54582.0,25
Mexican,MW,2,2.5,45205.0,79
Mexican,MW,2,2.5,50765.0,19
Mexican,MW,2,2.5,54582.0,23
Mexican,MW,2,3.0,54582.0,220
Mexican,MW,2,3.0,60061.0,26
Mexican,MW,2,3.0,60324.0,18
Mexican,MW,2,3.0,70543.0,36
Mexican,MW,2,3.5,43625.0,40
Mexican,MW,2,3.5,44757.0,35
Mexican,MW,2,3.5,45679.0,46
Mexican,MW,2,3.5,50765.0,494
Mexican,MW,2,3.5,54582.0,408
Mexican,MW,2,3.5,60061.0,108
Mexican,MW,2,3.5,60324.0,13
Mexican,MW,2,3.5,70543.0,81
Mexican,MW,2,4.0,43625.0,60
Mexican,MW,2,4.0,50765.0,127
Mexican,MW,2,4.0,54582.0,145
Mexican,MW,2,4.0,60061.0,560
Mexican,MW,2,4.0,60324.0,17
Mexican,MW,2,4.5,60324.0,68
Mexican,NE,1,1.5,58269.0,6
Mexican,NE,1,2.0,58269.0,7
Mexican,NE,1,2.5,52553.0,12
Mexican,NE,1,2.5,53916.0,12
Mexican,NE,1,2.5,58269.0,7
Mexican,NE,1,2.5,69594.0,57
Mexican,NE,1,2.5,86565.0,13
Mexican,NE,1,3.0,52553.0,50
Mexican,NE,1,3.0,58269.0,20
Mexican,NE,1,3.0,69594.0,215
Mexican,NE,1,3.0,85806.0,179
Mexican,NE,1,3.5,50880.0,20
Mexican,NE,1,3.5,58269.0,73
Mexican,NE,1,3.5,69594.0,70
Mexican,NE,1,3.5,85806.0,248
Mexican,NE,1,4.0,44156.0,23
Mexican,NE,1,4.0,53916.0,10
Mexican,NE,1,4.0,58269.0,138
Mexican,NE,1,4.0,69594.0,300
Mexican,NE,1,4.0,85806.0,264
Mexican,NE,1,4.5,69594.0,109
Mexican,NE,1,4.5,85806.0,210
Mexican,NE,1,5.0,53916.0,13
Mexican,NE,2,2.0,50880.0,4
Mexican,NE,2,2.5,69594.0,453
Mexican,NE,2,3.0,52553.0,34
Mexican,NE,2,3.0,58269.0,11
Mexican,NE,2,3.0,69594.0,389
Mexican,NE,2,3.0,79893.0,38
Mexican,NE,2,3.0,85806.0,872
Mexican,NE,2,3.0,86565.0,12
Mexican,NE,2,3.5,52553.0,87
Mexican,NE,2,3.5,69594.0,808
Mexican,NE,2,3.5,85806.0,1329
Mexican,NE,2,3.5,86565.0,161
Mexican,NE,2,4.0,52553.0,103
Mexican,NE,2,4.0,53916.0,67
Mexican,NE,2,4.0,58269.0,380
Mexican,NE,2,4.0,69594.0,707
Mexican,NE,2,4.0,85806.0,1199
Mexican,NE,2,4.5,43720.0,6
Mexican,NE,2,4.5,50880.0,58
Mexican,NE,2,4.5,69594.0,10
Mexican,NE,2,4.5,85806.0,84
Mexican,NE,2,4.5,86565.0,46
Mexican,SE,1,1.0,46140.0,3
Mexican,SE,1,1.5,46140.0,14
Mexican,SE,1,1.5,50344.0,3
Mexican,SE,1,2.0,46140.0,6
Mexican,SE,1,2.0,48925.0,10
Mexican,SE,1,2.5,46140.0,21
Mexican,SE,1,2.5,46663.0,26
Mexican,SE,1,2.5,48925.0,31
Mexican,SE,1,2.5,50455.0,6
Mexican,SE,1,2.5,56854.0,165
Mexican,SE,1,3.0,46140.0,89
Mexican,SE,1,3.0,46663.0,28
Mexican,SE,1,3.0,48925.0,37
Mexican,SE,1,3.0,50344.0,16
Mexican,SE,1,3.0,50455.0,59
Mexican,SE,1,3.0,56854.0,359
Mexican,SE,1,3.0,57207.0,299
Mexican,SE,1,3.5,46140.0,159
Mexican,SE,1,3.5,46663.0,50
Mexican,SE,1,3.5,48925.0,363
Mexican,SE,1,3.5,50088.0,7
Mexican,SE,1,3.5,50344.0,50
Mexican,SE,1,3.5,50455.0,10
Mexican,SE,1,3.5,53363.0,62
Mexican,SE,1,3.5,56854.0,714
Mexican,SE,1,3.5,57207.0,1329
Mexican,SE,1,4.0,46140.0,191
Mexican,SE,1,4.0,48925.0,208
Mexican,SE,1,4.0,50088.0,104
Mexican,SE,1,4.0,50344.0,75
Mexican,SE,1,4.0,53363.0,1168
Mexican,SE,1,4.0,56854.0,841
Mexican,SE,1,4.0,57207.0,1633
Mexican,SE,1,4.5,37407.0,2
Mexican,SE,1,4.5,46140.0,168
Mexican,SE,1,4.5,48925.0,177
Mexican,SE,1,4.5,50344.0,74
Mexican,SE,1,4.5,50455.0,97
Mexican,SE,1,4.5,53363.0,285
Mexican,SE,1,4.5,56854.0,1067
Mexican,SE,1,4.5,57207.0,146
Mexican,SE,1,5.0,46140.0,20
Mexican,SE,1,5.0,46663.0,32
Mexican,SE,1,5.0,48925.0,96
Mexican,SE,1,5.0,53363.0,57
Mexican,SE,1,5.0,56854.0,4
Mexican,SE,2,1.5,48925.0,11
Mexican,SE,2,2.0,46140.0,18
Mexican,SE,2,2.5,46140.0,73
Mexican,SE,2,2.5,48925.0,78
Mexican,SE,2,2.5,50344.0,40
Mexican,SE,2,2.5,50455.0,20
Mexican,SE,2,2.5,53363.0,441
Mexican,SE,2,2.5,56854.0,424
Mexican,SE,2,2.5,57207.0,749
Mexican,SE,2,3.0,37407.0,5
Mexican,SE,2,3.0,46140.0,70
Mexican,SE,2,3.0,46663.0,35
Mexican,SE,2,3.0,48925.0,289
Mexican,SE,2,3.0,50088.0,11
Mexican,SE,2,3.0,50344.0,51
Mexican,SE,2,3.0,53363.0,679
Mexican,SE,2,3.0,56854.0,255
Mexican,SE,2,3.0,57207.0,1893
Mexican,SE,2,3.5,46140.0,224
Mexican,SE,2,3.5,46663.0,34
Mexican,SE,2,3.5,48925.0,413
Mexican,SE,2,3.5,50088.0,91
Mexican,SE,2,3.5,50455.0,164
Mexican,SE,2,3.5,53363.0,2162
Mexican,SE,2,3.5,56854.0,2199
Mexican,SE,2,3.5,57207.0,5105
Mexican,SE,2,4.0,46140.0,551
Mexican,SE,2,4.0,46663.0,406
Mexican,SE,2,4.0,48925.0,20
Mexican,SE,2,4.0,50088.0,95
Mexican,SE,2,4.0,50455.0,141
Mexican,SE,2,4.0,53363.0,1825
Mexican,SE,2,4.0,56854.0,1163
Mexican,SE,2,4.0,57207.0,6389
Mexican,SE,2,4.5,57207.0,109
Mexican,SE,2,5.0,46663.0,11
Mexican,SE,2,5.0,50455.0,7
Mexican,SE,3,4.0,53363.0,77
Mexican,SW,1,1.0,56581.0,3
Mexican,SW,1,1.5,37666.0,4
Mexican,SW,1,1.5,41505.0,3
Mexican,SW,1,1.5,45197.0,14
Mexican,SW,1,1.5,56581.0,35
Mexican,SW,1,2.0,37666.0,18
Mexican,SW,1,2.0,41505.0,2
Mexican,SW,1,2.0,56581.0,26
Mexican,SW,1,2.0,58711.0,57
Mexican,SW,1,2.0,75050.0,36
Mexican,SW,1,2.5,41505.0,11
Mexican,SW,1,2.5,45197.0,13
Mexican,SW,1,2.5,56581.0,88
Mexican,SW,1,2.5,58711.0,58
Mexican,SW,1,2.5,59805.0,73
Mexican,SW,1,2.5,75050.0,141
Mexican,SW,1,3.0,45197.0,14
Mexican,SW,1,3.0,56581.0,99
Mexican,SW,1,3.0,58711.0,800
Mexican,SW,1,3.0,59805.0,213
Mexican,SW,1,3.0,75050.0,204
Mexican,SW,1,3.5,37666.0,99
Mexican,SW,1,3.5,45197.0,59
Mexican,SW,1,3.5,56581.0,197
Mexican,SW,1,3.5,58711.0,1574
Mexican,SW,1,3.5,59805.0,1096
Mexican,SW,1,3.5,60972.0,44
Mexican,SW,1,3.5,75050.0,506
Mexican,SW,1,4.0,37666.0,49
Mexican,SW,1,4.0,41505.0,16
Mexican,SW,1,4.0,56581.0,82
Mexican,SW,1,4.0,58711.0,2372
Mexican,SW,1,4.0,59805.0,847
Mexican,SW,1,4.0,75050.0,584
Mexican,SW,1,4.5,37666.0,48
Mexican,SW,1,4.5,40743.0,26
Mexican,SW,1,4.5,41505.0,4
Mexican,SW,1,4.5,45197.0,12
Mexican,SW,1,4.5,56581.0,297
Mexican,SW,1,4.5,58711.0,1054
Mexican,SW,1,4.5,59805.0,72
Mexican,SW,1,4.5,75050.0,288
Mexican,SW,1,5.0,45197.0,4
Mexican,SW,1,5.0,56581.0,1
Mexican,SW,1,5.0,58711.0,44
Mexican,SW,1,5.0,75050.0,20
Mexican,SW,2,2.0,58711.0,120
Mexican,SW,2,2.0,75050.0,16
Mexican,SW,2,2.5,56581.0,155
Mexican,SW,2,2.5,58711.0,12
Mexican,SW,2,2.5,59805.0,237
Mexican,SW,2,2.5,75050.0,67
Mexican,SW,2,3.0,37666.0,36
Mexican,SW,2,3.0,56581.0,55
Mexican,SW,2,3.0,58711.0,906
Mexican,SW,2,3.0,59805.0,231
Mexican,SW,2,3.0,75050.0,40
Mexican,SW,2,3.5,40743.0,15
Mexican,SW,2,3.5,41505.0,65
Mexican,SW,2,3.5,45197.0,60
Mexican,SW,2,3.5,56581.0,43
Mexican,SW,2,3.5,58711.0,3719
Mexican,SW,2,3.5,59805.0,836
Mexican,SW,2,3.5,75050.0,403
Mexican,SW,2,4.0,37666.0,86
Mexican,SW,2,4.0,56581.0,400
Mexican,SW,2,4.0,58711.0,1339
Mexican,SW,2,4.0,59805.0,808
Mexican,SW,2,4.0,75050.0,64
Mexican,SW,2,4.5,56581.0,3
Mexican,SW,2,4.5,58711.0,184
Mexican,SW,2,4.5,59805.0,40
Mexican,SW,3,2.5,56581.0,3
Mexican,WC,1,1.5,66828.0,6
Mexican,WC,1,1.5,80185.0,44
Mexican,WC,1,2.0,42197.0,49
Mexican,WC,1,2.0,43444.0,13
Mexican,WC,1,2.0,46481.0,141
Mexican,WC,1,2.0,66828.0,74
Mexican,WC,1,2.0,80185.0,73
Mexican,WC,1,2.5,42197.0,32
Mexican,WC,1,2.5,43444.0,97
Mexican,WC,1,2.5,46481.0,14
Mexican,WC,1,2.5,66828.0,364
Mexican,WC,1,2.5,80185.0,813
Mexican,WC,1,3.0,42197.0,55
Mexican,WC,1,3.0,44103.0,6
Mexican,WC,1,3.0,46481.0,84
Mexican,WC,1,3.0,50306.0,15
Mexican,WC,1,3.0,66828.0,1071
Mexican,WC,1,3.0,80185.0,1638
Mexican,WC,1,3.5,42197.0,250
Mexican,WC,1,3.5,46481.0,209
Mexican,WC,1,3.5,50306.0,21
Mexican,WC,1,3.5,52017.0,55
Mexican,WC,1,3.5,66828.0,1477
Mexican,WC,1,3.5,71077.0,148
Mexican,WC,1,3.5,80185.0,1740
Mexican,WC,1,4.0,42197.0,256
Mexican,WC,1,4.0,43444.0,19
Mexican,WC,1,4.0,46481.0,423
Mexican,WC,1,4.0,50306.0,325
Mexican,WC,1,4.0,52017.0,22
Mexican,WC,1,4.0,66828.0,1741
Mexican,WC,1,4.0,70722.0,244
Mexican,WC,1,4.0,71077.0,77
Mexican,WC,1,4.0,80185.0,3257
Mexican,WC,1,4.5,42197.0,276
Mexican,WC,1,4.5,44103.0,11
Mexican,WC,1,4.5,46481.0,198
Mexican,WC,1,4.5,50306.0,12
Mexican,WC,1,4.5,52017.0,236
Mexican,WC,1,4.5,66828.0,64
Mexican,WC,1,4.5,70722.0,360
Mexican,WC,1,4.5,80185.0,1033
Mexican,WC,1,5.0,42197.0,29
Mexican,WC,1,5.0,46481.0,2
Mexican,WC,1,5.0,50306.0,28
Mexican,WC,1,5.0,66828.0,63
Mexican,WC,1,5.0,70722.0,159
Mexican,WC,1,5.0,71077.0,7
Mexican,WC,1,5.0,80185.0,15
Mexican,WC,2,2.0,42197.0,8
Mexican,WC,2,2.0,80185.0,34
Mexican,WC,2,2.5,42197.0,222
Mexican,WC,2,2.5,46481.0,23
Mexican,WC,2,2.5,50306.0,114
Mexican,WC,2,2.5,66828.0,353
Mexican,WC,2,2.5,80185.0,440
Mexican,WC,2,3.0,42197.0,257
Mexican,WC,2,3.0,43444.0,51
Mexican,WC,2,3.0,46481.0,136
Mexican,WC,2,3.0,50306.0,88
Mexican,WC,2,3.0,66828.0,125
Mexican,WC,2,3.0,71077.0,246
Mexican,WC,2,3.0,80185.0,4296
Mexican,WC,2,3.5,42197.0,620
Mexican,WC,2,3.5,46481.0,145
Mexican,WC,2,3.5,50306.0,215
Mexican,WC,2,3.5,52017.0,117
Mexican,WC,2,3.5,66828.0,1239
Mexican,WC,2,3.5,71077.0,562
Mexican,WC,2,3.5,80185.0,1244
Mexican,WC,2,4.0,42197.0,583
Mexican,WC,2,4.0,43444.0,32
Mexican,WC,2,4.0,44103.0,136
Mexican,WC,2,4.0,46481.0,190
Mexican,WC,2,4.0,50306.0,200
Mexican,WC,2,4.0,66828.0,742
Mexican,WC,2,4.0,70722.0,1466
Mexican,WC,2,4.0,71077.0,166
Mexican,WC,2,4.0,80185.0,1478
Mexican,WC,2,4.5,42197.0,123
Mexican,WC,2,4.5,44103.0,15
Mexican,WC,2,4.5,50306.0,48
Mexican,WC,2,4.5,66828.0,179
Mexican,WC,2,4.5,70722.0,745
Mexican,WC,2,4.5,80185.0,10
Mexican,WC,2,5.0,80185.0,14
Mexican,WC,3,4.0,80185.0,6
